gene,species,species_code,transcript_id,protein_id,region_type,number,genomic_order,between_exons,start,end,absolute_start,absolute_end,strand,length,entropy_method,invalid_symbol_count,invalid_symbols,HGtop,status,k,n_v,original_length,used_length,usable_for_analysis
BRCA1,Homo sapiens,hs,NM_007294.3,NP_009225.1,exon,1,1,,0,213,0,213,1,213,jin,0,,0.9603001232701249,ok,3,3,213,66,False
BRCA1,Homo sapiens,hs,NM_007294.3,NP_009225.1,exon,2,2,,1368,1467,1368,1467,1,99,jin,0,,0.9545702215722299,ok,3,3,99,66,False
BRCA1,Homo sapiens,hs,NM_007294.3,NP_009225.1,exon,3,3,,9704,9758,9704,9758,1,54,jin,0,,,k_greater_than_n_v,3,2,54,17,False
BRCA1,Homo sapiens,hs,NM_007294.3,NP_009225.1,exon,4,4,,18950,19028,18950,19028,1,78,jin,0,,0.9584807397884187,ok,3,3,78,66,False
BRCA1,Homo sapiens,hs,NM_007294.3,NP_009225.1,exon,5,5,,20527,20616,20527,20616,1,89,jin,0,,0.9483216255023182,ok,3,3,89,66,False
BRCA1,Homo sapiens,hs,NM_007294.3,NP_009225.1,exon,6,6,,21222,21362,21222,21362,1,140,jin,0,,0.9438677172420968,ok,3,3,140,66,False
BRCA1,Homo sapiens,hs,NM_007294.3,NP_009225.1,exon,7,7,,25603,25709,25603,25709,1,106,jin,0,,0.9308570279136034,ok,3,3,106,66,False
BRCA1,Homo sapiens,hs,NM_007294.3,NP_009225.1,exon,8,8,,28194,28240,28194,28240,1,46,jin,0,,,k_greater_than_n_v,3,2,46,17,False
BRCA1,Homo sapiens,hs,NM_007294.3,NP_009225.1,exon,9,9,,29561,29638,29561,29638,1,77,jin,0,,0.9355730777795207,ok,3,3,77,66,False
BRCA1,Homo sapiens,hs,NM_007294.3,NP_009225.1,exon,10,10,,30623,34049,30623,34049,1,3426,jin,0,,0.9547088551271642,ok,3,5,3426,1028,True
BRCA1,Homo sapiens,hs,NM_007294.3,NP_009225.1,exon,11,11,,34451,34540,34451,34540,1,89,jin,0,,0.9483216255023182,ok,3,3,89,66,False
BRCA1,Homo sapiens,hs,NM_007294.3,NP_009225.1,exon,12,12,,42908,43080,42908,43080,1,172,jin,0,,0.940026986039742,ok,3,3,172,66,False
BRCA1,Homo sapiens,hs,NM_007294.3,NP_009225.1,exon,13,13,,48869,48996,48869,48996,1,127,jin,0,,0.9545702215722299,ok,3,3,127,66,False
BRCA1,Homo sapiens,hs,NM_007294.3,NP_009225.1,exon,14,14,,50962,51153,50962,51153,1,191,jin,0,,0.9622093062250041,ok,3,3,191,66,False
BRCA1,Homo sapiens,hs,NM_007294.3,NP_009225.1,exon,15,15,,54245,54556,54245,54556,1,311,jin,0,,0.9466544530606722,ok,3,4,311,259,True
BRCA1,Homo sapiens,hs,NM_007294.3,NP_009225.1,exon,16,16,,57788,57876,57788,57876,1,88,jin,0,,0.9565493276683812,ok,3,3,88,66,False
BRCA1,Homo sapiens,hs,NM_007294.3,NP_009225.1,exon,17,17,,61532,61610,61532,61610,1,78,jin,0,,0.9461256052697272,ok,3,3,78,66,False
BRCA1,Homo sapiens,hs,NM_007294.3,NP_009225.1,exon,18,18,,62110,62151,62110,62151,1,41,jin,0,,,k_greater_than_n_v,3,2,41,17,False
BRCA1,Homo sapiens,hs,NM_007294.3,NP_009225.1,exon,19,19,,68348,68432,68348,68432,1,84,jin,0,,0.9308570279136034,ok,3,3,84,66,False
BRCA1,Homo sapiens,hs,NM_007294.3,NP_009225.1,exon,20,20,,74366,74421,74366,74421,1,55,jin,0,,,k_greater_than_n_v,3,2,55,17,False
BRCA1,Homo sapiens,hs,NM_007294.3,NP_009225.1,exon,21,21,,76289,76363,76289,76363,1,74,jin,0,,0.9438677172420968,ok,3,3,74,66,False
BRCA1,Homo sapiens,hs,NM_007294.3,NP_009225.1,exon,22,22,,77780,77841,77780,77841,1,61,jin,0,,,k_greater_than_n_v,3,2,61,17,False
BRCA1,Homo sapiens,hs,NM_007294.3,NP_009225.1,exon,23,23,,79681,81189,79681,81189,1,1508,jin,0,,0.9589989386220372,ok,3,5,1508,1028,True
BRCA1,Homo sapiens,hs,NM_007294.3,NP_009225.1,intron,1,1,1-2,213,1368,213,1368,1,1155,jin,0,,0.9673464895744139,ok,3,5,1155,1028,True
BRCA1,Homo sapiens,hs,NM_007294.3,NP_009225.1,intron,2,2,2-3,1467,9704,1467,9704,1,8237,jin,0,,0.9634549079145635,ok,3,6,8237,4101,True
BRCA1,Homo sapiens,hs,NM_007294.3,NP_009225.1,intron,3,3,3-4,9758,18950,9758,18950,1,9192,jin,0,,0.9652751604262093,ok,3,6,9192,4101,True
BRCA1,Homo sapiens,hs,NM_007294.3,NP_009225.1,intron,4,4,4-5,19028,20527,19028,20527,1,1499,jin,0,,0.9607260845837248,ok,3,5,1499,1028,True
BRCA1,Homo sapiens,hs,NM_007294.3,NP_009225.1,intron,5,5,5-6,20616,21222,20616,21222,1,606,jin,0,,0.9538702923158953,ok,3,4,606,259,True
BRCA1,Homo sapiens,hs,NM_007294.3,NP_009225.1,intron,6,6,6-7,21362,25603,21362,25603,1,4241,jin,0,,0.9598376910677145,ok,3,6,4241,4101,True
BRCA1,Homo sapiens,hs,NM_007294.3,NP_009225.1,intron,7,7,7-8,25709,28194,25709,28194,1,2485,jin,0,,0.9582147259331721,ok,3,5,2485,1028,True
BRCA1,Homo sapiens,hs,NM_007294.3,NP_009225.1,intron,8,8,8-9,28240,29561,28240,29561,1,1321,jin,0,,0.9647139105544325,ok,3,5,1321,1028,True
BRCA1,Homo sapiens,hs,NM_007294.3,NP_009225.1,intron,9,9,9-10,29638,30623,29638,30623,1,985,jin,0,,0.949387300628488,ok,3,4,985,259,True
BRCA1,Homo sapiens,hs,NM_007294.3,NP_009225.1,intron,10,10,10-11,34049,34451,34049,34451,1,402,jin,0,,0.9534454686864833,ok,3,4,402,259,True
BRCA1,Homo sapiens,hs,NM_007294.3,NP_009225.1,intron,11,11,11-12,34540,42908,34540,42908,1,8368,jin,0,,0.9636410301806956,ok,3,6,8368,4101,True
BRCA1,Homo sapiens,hs,NM_007294.3,NP_009225.1,intron,12,12,12-13,43080,48869,43080,48869,1,5789,jin,0,,0.9650907641089884,ok,3,6,5789,4101,True
BRCA1,Homo sapiens,hs,NM_007294.3,NP_009225.1,intron,13,13,13-14,48996,50962,48996,50962,1,1966,jin,0,,0.9631422207176726,ok,3,5,1966,1028,True
BRCA1,Homo sapiens,hs,NM_007294.3,NP_009225.1,intron,14,14,14-15,51153,54245,51153,54245,1,3092,jin,0,,0.9578633155278617,ok,3,5,3092,1028,True
BRCA1,Homo sapiens,hs,NM_007294.3,NP_009225.1,intron,15,15,15-16,54556,57788,54556,57788,1,3232,jin,0,,0.9632634655457002,ok,3,5,3232,1028,True
BRCA1,Homo sapiens,hs,NM_007294.3,NP_009225.1,intron,16,16,16-17,57876,61532,57876,61532,1,3656,jin,0,,0.9609546585966854,ok,3,5,3656,1028,True
BRCA1,Homo sapiens,hs,NM_007294.3,NP_009225.1,intron,17,17,17-18,61610,62110,61610,62110,1,500,jin,0,,0.9508314788803182,ok,3,4,500,259,True
BRCA1,Homo sapiens,hs,NM_007294.3,NP_009225.1,intron,18,18,18-19,62151,68348,62151,68348,1,6197,jin,0,,0.9596259643438803,ok,3,6,6197,4101,True
BRCA1,Homo sapiens,hs,NM_007294.3,NP_009225.1,intron,19,19,19-20,68432,74366,68432,74366,1,5934,jin,0,,0.9634887391360382,ok,3,6,5934,4101,True
BRCA1,Homo sapiens,hs,NM_007294.3,NP_009225.1,intron,20,20,20-21,74421,76289,74421,76289,1,1868,jin,0,,0.9688579632414994,ok,3,5,1868,1028,True
BRCA1,Homo sapiens,hs,NM_007294.3,NP_009225.1,intron,21,21,21-22,76363,77780,76363,77780,1,1417,jin,0,,0.9593048104253445,ok,3,5,1417,1028,True
BRCA1,Homo sapiens,hs,NM_007294.3,NP_009225.1,intron,22,22,22-23,77841,79681,77841,79681,1,1840,jin,0,,0.9635814480896642,ok,3,5,1840,1028,True
BRCA1,Pan troglodytes,pt,NM_001045493.1,NP_001038958.1,exon,1,1,,0,80,1499,1579,1,80,jin,0,,0.9643084447010047,ok,3,3,80,66,False
BRCA1,Pan troglodytes,pt,NM_001045493.1,NP_001038958.1,exon,2,2,,8018,8072,9517,9571,1,54,jin,0,,,k_greater_than_n_v,3,2,54,17,False
BRCA1,Pan troglodytes,pt,NM_001045493.1,NP_001038958.1,exon,3,3,,17273,17351,18772,18850,1,78,jin,0,,0.9584807397884187,ok,3,3,78,66,False
BRCA1,Pan troglodytes,pt,NM_001045493.1,NP_001038958.1,exon,4,4,,18851,18940,20350,20439,1,89,jin,0,,0.9483216255023182,ok,3,3,89,66,False
BRCA1,Pan troglodytes,pt,NM_001045493.1,NP_001038958.1,exon,5,5,,19547,19687,21046,21186,1,140,jin,0,,0.9415443741479509,ok,3,3,140,66,False
BRCA1,Pan troglodytes,pt,NM_001045493.1,NP_001038958.1,exon,6,6,,23810,23916,25309,25415,1,106,jin,0,,0.9308570279136034,ok,3,3,106,66,False
BRCA1,Pan troglodytes,pt,NM_001045493.1,NP_001038958.1,exon,7,7,,26406,26452,27905,27951,1,46,jin,0,,,k_greater_than_n_v,3,2,46,17,False
BRCA1,Pan troglodytes,pt,NM_001045493.1,NP_001038958.1,exon,8,8,,27772,27849,29271,29348,1,77,jin,0,,0.9355730777795207,ok,3,3,77,66,False
BRCA1,Pan troglodytes,pt,NM_001045493.1,NP_001038958.1,exon,9,9,,28829,32255,30328,33754,1,3426,jin,0,,0.9563803785922768,ok,3,5,3426,1028,True
BRCA1,Pan troglodytes,pt,NM_001045493.1,NP_001038958.1,exon,10,10,,32657,32746,34156,34245,1,89,jin,0,,0.9483216255023182,ok,3,3,89,66,False
BRCA1,Pan troglodytes,pt,NM_001045493.1,NP_001038958.1,exon,11,11,,40988,41160,42487,42659,1,172,jin,0,,0.937830965807151,ok,3,3,172,66,False
BRCA1,Pan troglodytes,pt,NM_001045493.1,NP_001038958.1,exon,12,12,,47003,47130,48502,48629,1,127,jin,0,,0.9545702215722299,ok,3,3,127,66,False
BRCA1,Pan troglodytes,pt,NM_001045493.1,NP_001038958.1,exon,13,13,,49091,49282,50590,50781,1,191,jin,0,,0.9622093062250041,ok,3,3,191,66,False
BRCA1,Pan troglodytes,pt,NM_001045493.1,NP_001038958.1,exon,14,14,,52392,52703,53891,54202,1,311,jin,0,,0.9368513110627258,ok,3,4,311,259,True
BRCA1,Pan troglodytes,pt,NM_001045493.1,NP_001038958.1,exon,15,15,,55936,56024,57435,57523,1,88,jin,0,,0.9565493276683812,ok,3,3,88,66,False
BRCA1,Pan troglodytes,pt,NM_001045493.1,NP_001038958.1,exon,16,16,,59670,59748,61169,61247,1,78,jin,0,,0.9461256052697272,ok,3,3,78,66,False
BRCA1,Pan troglodytes,pt,NM_001045493.1,NP_001038958.1,exon,17,17,,60248,60289,61747,61788,1,41,jin,0,,,k_greater_than_n_v,3,2,41,17,False
BRCA1,Pan troglodytes,pt,NM_001045493.1,NP_001038958.1,exon,18,18,,66516,66600,68015,68099,1,84,jin,0,,0.9308570279136034,ok,3,3,84,66,False
BRCA1,Pan troglodytes,pt,NM_001045493.1,NP_001038958.1,exon,19,19,,72500,72555,73999,74054,1,55,jin,0,,,k_greater_than_n_v,3,2,55,17,False
BRCA1,Pan troglodytes,pt,NM_001045493.1,NP_001038958.1,exon,20,20,,74423,74497,75922,75996,1,74,jin,0,,0.9438677172420968,ok,3,3,74,66,False
BRCA1,Pan troglodytes,pt,NM_001045493.1,NP_001038958.1,exon,21,21,,75911,75972,77410,77471,1,61,jin,0,,,k_greater_than_n_v,3,2,61,17,False
BRCA1,Pan troglodytes,pt,NM_001045493.1,NP_001038958.1,exon,22,22,,77806,77931,79305,79430,1,125,jin,0,,0.9538847223023507,ok,3,3,125,66,False
BRCA1,Pan troglodytes,pt,NM_001045493.1,NP_001038958.1,intron,1,1,1-2,80,8018,1579,9517,1,7938,jin,0,,0.9637222085861277,ok,3,6,7938,4101,True
BRCA1,Pan troglodytes,pt,NM_001045493.1,NP_001038958.1,intron,2,2,2-3,8072,17273,9571,18772,1,9201,jin,0,,0.9662747266621121,ok,3,6,9201,4101,True
BRCA1,Pan troglodytes,pt,NM_001045493.1,NP_001038958.1,intron,3,3,3-4,17351,18851,18850,20350,1,1500,jin,0,,0.9607165666669433,ok,3,5,1500,1028,True
BRCA1,Pan troglodytes,pt,NM_001045493.1,NP_001038958.1,intron,4,4,4-5,18940,19547,20439,21046,1,607,jin,0,,0.9538702923158953,ok,3,4,607,259,True
BRCA1,Pan troglodytes,pt,NM_001045493.1,NP_001038958.1,intron,5,5,5-6,19687,23810,21186,25309,1,4123,jin,0,,0.9607046770120601,ok,3,6,4123,4101,True
BRCA1,Pan troglodytes,pt,NM_001045493.1,NP_001038958.1,intron,6,6,6-7,23916,26406,25415,27905,1,2490,jin,0,,0.9576580690894688,ok,3,5,2490,1028,True
BRCA1,Pan troglodytes,pt,NM_001045493.1,NP_001038958.1,intron,7,7,7-8,26452,27772,27951,29271,1,1320,jin,0,,0.9637582300390123,ok,3,5,1320,1028,True
BRCA1,Pan troglodytes,pt,NM_001045493.1,NP_001038958.1,intron,8,8,8-9,27849,28829,29348,30328,1,980,jin,0,,0.9535712975971317,ok,3,4,980,259,True
BRCA1,Pan troglodytes,pt,NM_001045493.1,NP_001038958.1,intron,9,9,9-10,32255,32657,33754,34156,1,402,jin,0,,0.9530176213759072,ok,3,4,402,259,True
BRCA1,Pan troglodytes,pt,NM_001045493.1,NP_001038958.1,intron,10,10,10-11,32746,40988,34245,42487,1,8242,jin,0,,0.9637338455834491,ok,3,6,8242,4101,True
BRCA1,Pan troglodytes,pt,NM_001045493.1,NP_001038958.1,intron,11,11,11-12,41160,47003,42659,48502,1,5843,jin,0,,0.9639975839039375,ok,3,6,5843,4101,True
BRCA1,Pan troglodytes,pt,NM_001045493.1,NP_001038958.1,intron,12,12,12-13,47130,49091,48629,50590,1,1961,jin,0,,0.9641056908327146,ok,3,5,1961,1028,True
BRCA1,Pan troglodytes,pt,NM_001045493.1,NP_001038958.1,intron,13,13,13-14,49282,52392,50781,53891,1,3110,jin,0,,0.9590416601164251,ok,3,5,3110,1028,True
BRCA1,Pan troglodytes,pt,NM_001045493.1,NP_001038958.1,intron,14,14,14-15,52703,55936,54202,57435,1,3233,jin,0,,0.9629141957416464,ok,3,5,3233,1028,True
BRCA1,Pan troglodytes,pt,NM_001045493.1,NP_001038958.1,intron,15,15,15-16,56024,59670,57523,61169,1,3646,jin,0,,0.9608195372558903,ok,3,5,3646,1028,True
BRCA1,Pan troglodytes,pt,NM_001045493.1,NP_001038958.1,intron,16,16,16-17,59748,60248,61247,61747,1,500,jin,0,,0.9498309358034674,ok,3,4,500,259,True
BRCA1,Pan troglodytes,pt,NM_001045493.1,NP_001038958.1,intron,17,17,17-18,60289,66516,61788,68015,1,6227,jin,0,,0.9605894929777108,ok,3,6,6227,4101,True
BRCA1,Pan troglodytes,pt,NM_001045493.1,NP_001038958.1,intron,18,18,18-19,66600,72500,68099,73999,1,5900,jin,0,,0.9651435654255741,ok,3,6,5900,4101,True
BRCA1,Pan troglodytes,pt,NM_001045493.1,NP_001038958.1,intron,19,19,19-20,72555,74423,74054,75922,1,1868,jin,0,,0.9692790032977632,ok,3,5,1868,1028,True
BRCA1,Pan troglodytes,pt,NM_001045493.1,NP_001038958.1,intron,20,20,20-21,74497,75911,75996,77410,1,1414,jin,0,,0.95761349328001,ok,3,5,1414,1028,True
BRCA1,Pan troglodytes,pt,NM_001045493.1,NP_001038958.1,intron,21,21,21-22,75972,77806,77471,79305,1,1834,jin,0,,0.9629705718261823,ok,3,5,1834,1028,True
BRCA1,Mus musculus,mm,NM_009764.3,NP_033894.3,exon,1,1,,0,187,27,214,1,187,jin,0,,0.9493034911805744,ok,3,3,187,66,False
BRCA1,Mus musculus,mm,NM_009764.3,NP_033894.3,exon,2,2,,2842,2941,2869,2968,1,99,jin,0,,0.9538847223023507,ok,3,3,99,66,False
BRCA1,Mus musculus,mm,NM_009764.3,NP_033894.3,exon,3,3,,11921,11975,11948,12002,1,54,jin,0,,,k_greater_than_n_v,3,2,54,17,False
BRCA1,Mus musculus,mm,NM_009764.3,NP_033894.3,exon,4,4,,16350,16428,16377,16455,1,78,jin,0,,0.9504590781586869,ok,3,3,78,66,False
BRCA1,Mus musculus,mm,NM_009764.3,NP_033894.3,exon,5,5,,17928,18017,17955,18044,1,89,jin,0,,0.9483216255023182,ok,3,3,89,66,False
BRCA1,Mus musculus,mm,NM_009764.3,NP_033894.3,exon,6,6,,19796,19936,19823,19963,1,140,jin,0,,0.9415443741479509,ok,3,3,140,66,False
BRCA1,Mus musculus,mm,NM_009764.3,NP_033894.3,exon,7,7,,20861,20964,20888,20991,1,103,jin,0,,0.9623293386048535,ok,3,3,103,66,False
BRCA1,Mus musculus,mm,NM_009764.3,NP_033894.3,exon,8,8,,22119,22165,22146,22192,1,46,jin,0,,,k_greater_than_n_v,3,2,46,17,False
BRCA1,Mus musculus,mm,NM_009764.3,NP_033894.3,exon,9,9,,23878,23955,23905,23982,1,77,jin,0,,0.9603001232701249,ok,3,3,77,66,False
BRCA1,Mus musculus,mm,NM_009764.3,NP_033894.3,exon,10,10,,25316,28631,25343,28658,1,3315,jin,0,,0.9610247060313079,ok,3,5,3315,1028,True
BRCA1,Mus musculus,mm,NM_009764.3,NP_033894.3,exon,11,11,,29453,29524,29480,29551,1,71,jin,0,,0.9717696164627597,ok,3,3,71,66,False
BRCA1,Mus musculus,mm,NM_009764.3,NP_033894.3,exon,12,12,,34513,34685,34540,34712,1,172,jin,0,,0.9483216255023182,ok,3,3,172,66,False
BRCA1,Mus musculus,mm,NM_009764.3,NP_033894.3,exon,13,13,,39106,39236,39133,39263,1,130,jin,0,,0.9438677172420968,ok,3,3,130,66,False
BRCA1,Mus musculus,mm,NM_009764.3,NP_033894.3,exon,14,14,,41856,42035,41883,42062,1,179,jin,0,,0.9438677172420968,ok,3,3,179,66,False
BRCA1,Mus musculus,mm,NM_009764.3,NP_033894.3,exon,15,15,,43725,44006,43752,44033,1,281,jin,0,,0.960945524428248,ok,3,4,281,259,True
BRCA1,Mus musculus,mm,NM_009764.3,NP_033894.3,exon,16,16,,46551,46639,46578,46666,1,88,jin,0,,0.9603001232701249,ok,3,3,88,66,False
BRCA1,Mus musculus,mm,NM_009764.3,NP_033894.3,exon,17,17,,49397,49475,49424,49502,1,78,jin,0,,0.9483216255023182,ok,3,3,78,66,False
BRCA1,Mus musculus,mm,NM_009764.3,NP_033894.3,exon,18,18,,49923,49964,49950,49991,1,41,jin,0,,,k_greater_than_n_v,3,2,41,17,False
BRCA1,Mus musculus,mm,NM_009764.3,NP_033894.3,exon,19,19,,53941,54022,53968,54049,1,81,jin,0,,0.9461256052697272,ok,3,3,81,66,False
BRCA1,Mus musculus,mm,NM_009764.3,NP_033894.3,exon,20,20,,58349,58404,58376,58431,1,55,jin,0,,,k_greater_than_n_v,3,2,55,17,False
BRCA1,Mus musculus,mm,NM_009764.3,NP_033894.3,exon,21,21,,59701,59775,59728,59802,1,74,jin,0,,0.9461256052697272,ok,3,3,74,66,False
BRCA1,Mus musculus,mm,NM_009764.3,NP_033894.3,exon,22,22,,60036,60097,60063,60124,1,61,jin,0,,,k_greater_than_n_v,3,2,61,17,False
BRCA1,Mus musculus,mm,NM_009764.3,NP_033894.3,exon,23,23,,62043,63192,62070,63219,1,1149,jin,0,,0.9624427119912428,ok,3,5,1149,1028,True
BRCA1,Mus musculus,mm,NM_009764.3,NP_033894.3,intron,1,1,1-2,187,2842,214,2869,1,2655,jin,0,,0.9635814480896642,ok,3,5,2655,1028,True
BRCA1,Mus musculus,mm,NM_009764.3,NP_033894.3,intron,2,2,2-3,2941,11921,2968,11948,1,8980,jin,0,,0.9641794554652788,ok,3,6,8980,4101,True
BRCA1,Mus musculus,mm,NM_009764.3,NP_033894.3,intron,3,3,3-4,11975,16350,12002,16377,1,4375,jin,0,,0.9662326673022498,ok,3,6,4375,4101,True
BRCA1,Mus musculus,mm,NM_009764.3,NP_033894.3,intron,4,4,4-5,16428,17928,16455,17955,1,1500,jin,0,,0.9661293359343155,ok,3,5,1500,1028,True
BRCA1,Mus musculus,mm,NM_009764.3,NP_033894.3,intron,5,5,5-6,18017,19796,18044,19823,1,1779,jin,0,,0.9609950438394456,ok,3,5,1779,1028,True
BRCA1,Mus musculus,mm,NM_009764.3,NP_033894.3,intron,6,6,6-7,19936,20861,19963,20888,1,925,jin,0,,0.9648157207025321,ok,3,4,925,259,True
BRCA1,Mus musculus,mm,NM_009764.3,NP_033894.3,intron,7,7,7-8,20964,22119,20991,22146,1,1155,jin,0,,0.9547728303229666,ok,3,5,1155,1028,True
BRCA1,Mus musculus,mm,NM_009764.3,NP_033894.3,intron,8,8,8-9,22165,23878,22192,23905,1,1713,jin,0,,0.9594000703784439,ok,3,5,1713,1028,True
BRCA1,Mus musculus,mm,NM_009764.3,NP_033894.3,intron,9,9,9-10,23955,25316,23982,25343,1,1361,jin,0,,0.9584075976342511,ok,3,5,1361,1028,True
BRCA1,Mus musculus,mm,NM_009764.3,NP_033894.3,intron,10,10,10-11,28631,29453,28658,29480,1,822,jin,0,,0.958181466917298,ok,3,4,822,259,True
BRCA1,Mus musculus,mm,NM_009764.3,NP_033894.3,intron,11,11,11-12,29524,34513,29551,34540,1,4989,jin,0,,0.967377509671008,ok,3,6,4989,4101,True
BRCA1,Mus musculus,mm,NM_009764.3,NP_033894.3,intron,12,12,12-13,34685,39106,34712,39133,1,4421,jin,0,,0.964441505941973,ok,3,6,4421,4101,True
BRCA1,Mus musculus,mm,NM_009764.3,NP_033894.3,intron,13,13,13-14,39236,41856,39263,41883,1,2620,jin,0,,0.9665800642136716,ok,3,5,2620,1028,True
BRCA1,Mus musculus,mm,NM_009764.3,NP_033894.3,intron,14,14,14-15,42035,43725,42062,43752,1,1690,jin,0,,0.9596691225928136,ok,3,5,1690,1028,True
BRCA1,Mus musculus,mm,NM_009764.3,NP_033894.3,intron,15,15,15-16,44006,46551,44033,46578,1,2545,jin,0,,0.9627856816752921,ok,3,5,2545,1028,True
BRCA1,Mus musculus,mm,NM_009764.3,NP_033894.3,intron,16,16,16-17,46639,49397,46666,49424,1,2758,jin,0,,0.9664521788599524,ok,3,5,2758,1028,True
BRCA1,Mus musculus,mm,NM_009764.3,NP_033894.3,intron,17,17,17-18,49475,49923,49502,49950,1,448,jin,0,,0.9597228593623252,ok,3,4,448,259,True
BRCA1,Mus musculus,mm,NM_009764.3,NP_033894.3,intron,18,18,18-19,49964,53941,49991,53968,1,3977,jin,0,,0.9569136628969593,ok,3,5,3977,1028,True
BRCA1,Mus musculus,mm,NM_009764.3,NP_033894.3,intron,19,19,19-20,54022,58349,54049,58376,1,4327,jin,0,,0.9651249317391019,ok,3,6,4327,4101,True
BRCA1,Mus musculus,mm,NM_009764.3,NP_033894.3,intron,20,20,20-21,58404,59701,58431,59728,1,1297,jin,0,,0.9639088666289038,ok,3,5,1297,1028,True
BRCA1,Mus musculus,mm,NM_009764.3,NP_033894.3,intron,21,21,21-22,59775,60036,59802,60063,1,261,jin,0,,0.9561296536248043,ok,3,4,261,259,True
BRCA1,Mus musculus,mm,NM_009764.3,NP_033894.3,intron,22,22,22-23,60097,62043,60124,62070,1,1946,jin,0,,0.9589433733592246,ok,3,5,1946,1028,True
BRCA2,Homo sapiens,hs,NM_000059.3,NP_000050.2,exon,1,1,,0,188,0,188,1,188,jin,0,,0.9391516673761795,ok,3,3,188,66,False
BRCA2,Homo sapiens,hs,NM_000059.3,NP_000050.2,exon,2,2,,942,1048,942,1048,1,106,jin,0,,0.9603001232701249,ok,3,3,106,66,False
BRCA2,Homo sapiens,hs,NM_000059.3,NP_000050.2,exon,3,3,,3597,3846,3597,3846,1,249,jin,0,,0.9545702215722299,ok,3,3,249,66,False
BRCA2,Homo sapiens,hs,NM_000059.3,NP_000050.2,exon,4,4,,9596,9705,9596,9705,1,109,jin,0,,0.9643084447010047,ok,3,3,109,66,False
BRCA2,Homo sapiens,hs,NM_000059.3,NP_000050.2,exon,5,5,,10621,10671,10621,10671,1,50,jin,0,,,k_greater_than_n_v,3,2,50,17,False
BRCA2,Homo sapiens,hs,NM_000059.3,NP_000050.2,exon,6,6,,10762,10803,10762,10803,1,41,jin,0,,,k_greater_than_n_v,3,2,41,17,False
BRCA2,Homo sapiens,hs,NM_000059.3,NP_000050.2,exon,7,7,,11019,11134,11019,11134,1,115,jin,0,,0.9699684232576277,ok,3,3,115,66,False
BRCA2,Homo sapiens,hs,NM_000059.3,NP_000050.2,exon,8,8,,13963,14013,13963,14013,1,50,jin,0,,,k_greater_than_n_v,3,2,50,17,False
BRCA2,Homo sapiens,hs,NM_000059.3,NP_000050.2,exon,9,9,,15439,15551,15439,15551,1,112,jin,0,,0.9308570279136034,ok,3,3,112,66,False
BRCA2,Homo sapiens,hs,NM_000059.3,NP_000050.2,exon,10,10,,16792,17908,16792,17908,1,1116,jin,0,,0.9494848476344889,ok,3,5,1116,1028,True
BRCA2,Homo sapiens,hs,NM_000059.3,NP_000050.2,exon,11,11,,20785,25717,20785,25717,1,4932,jin,0,,0.9523671852994426,ok,3,6,4932,4101,True
BRCA2,Homo sapiens,hs,NM_000059.3,NP_000050.2,exon,12,12,,29078,29174,29078,29174,1,96,jin,0,,0.9194810876228688,ok,3,3,96,66,False
BRCA2,Homo sapiens,hs,NM_000059.3,NP_000050.2,exon,13,13,,31347,31417,31347,31417,1,70,jin,0,,0.9565493276683812,ok,3,3,70,66,False
BRCA2,Homo sapiens,hs,NM_000059.3,NP_000050.2,exon,14,14,,39381,39809,39381,39809,1,428,jin,0,,0.9535712975971317,ok,3,4,428,259,True
BRCA2,Homo sapiens,hs,NM_000059.3,NP_000050.2,exon,15,15,,40948,41130,40948,41130,1,182,jin,0,,0.946910784408803,ok,3,3,182,66,False
BRCA2,Homo sapiens,hs,NM_000059.3,NP_000050.2,exon,16,16,,42262,42450,42262,42450,1,188,jin,0,,0.9483216255023182,ok,3,3,188,66,False
BRCA2,Homo sapiens,hs,NM_000059.3,NP_000050.2,exon,17,17,,47043,47214,47043,47214,1,171,jin,0,,0.9584807397884187,ok,3,3,171,66,False
BRCA2,Homo sapiens,hs,NM_000059.3,NP_000050.2,exon,18,18,,47699,48054,47699,48054,1,355,jin,0,,0.9648157207025321,ok,3,4,355,259,True
BRCA2,Homo sapiens,hs,NM_000059.3,NP_000050.2,exon,19,19,,54922,55078,54922,55078,1,156,jin,0,,0.9643084447010047,ok,3,3,156,66,False
BRCA2,Homo sapiens,hs,NM_000059.3,NP_000050.2,exon,20,20,,55476,55621,55476,55621,1,145,jin,0,,0.9258460385262933,ok,3,3,145,66,False
BRCA2,Homo sapiens,hs,NM_000059.3,NP_000050.2,exon,21,21,,61190,61312,61190,61312,1,122,jin,0,,0.9461256052697272,ok,3,3,122,66,False
BRCA2,Homo sapiens,hs,NM_000059.3,NP_000050.2,exon,22,22,,63837,64036,63837,64036,1,199,jin,0,,0.9438677172420968,ok,3,3,199,66,False
BRCA2,Homo sapiens,hs,NM_000059.3,NP_000050.2,exon,23,23,,64270,64434,64270,64434,1,164,jin,0,,0.9603001232701249,ok,3,3,164,66,False
BRCA2,Homo sapiens,hs,NM_000059.3,NP_000050.2,exon,24,24,,64527,64666,64527,64666,1,139,jin,0,,0.9444444444444445,ok,3,3,139,66,False
BRCA2,Homo sapiens,hs,NM_000059.3,NP_000050.2,exon,25,25,,79209,79454,79209,79454,1,245,jin,0,,0.968125819705672,ok,3,3,245,66,False
BRCA2,Homo sapiens,hs,NM_000059.3,NP_000050.2,exon,26,26,,81418,81565,81418,81565,1,147,jin,0,,0.9169364381999174,ok,3,3,147,66,False
BRCA2,Homo sapiens,hs,NM_000059.3,NP_000050.2,exon,27,27,,82682,84193,82682,84193,1,1511,jin,0,,0.9653163138939762,ok,3,5,1511,1028,True
BRCA2,Homo sapiens,hs,NM_000059.3,NP_000050.2,intron,1,1,1-2,188,942,188,942,1,754,jin,0,,0.9540053232615208,ok,3,4,754,259,True
BRCA2,Homo sapiens,hs,NM_000059.3,NP_000050.2,intron,2,2,2-3,1048,3597,1048,3597,1,2549,jin,0,,0.963576897364761,ok,3,5,2549,1028,True
BRCA2,Homo sapiens,hs,NM_000059.3,NP_000050.2,intron,3,3,3-4,3846,9596,3846,9596,1,5750,jin,0,,0.9650178811521944,ok,3,6,5750,4101,True
BRCA2,Homo sapiens,hs,NM_000059.3,NP_000050.2,intron,4,4,4-5,9705,10621,9705,10621,1,916,jin,0,,0.9108836530907095,ok,3,4,916,259,True
BRCA2,Homo sapiens,hs,NM_000059.3,NP_000050.2,intron,5,5,5-6,10671,10762,10671,10762,1,91,jin,0,,0.9087785832927358,ok,3,3,91,66,False
BRCA2,Homo sapiens,hs,NM_000059.3,NP_000050.2,intron,6,6,6-7,10803,11019,10803,11019,1,216,jin,0,,0.9516268342747204,ok,3,3,216,66,False
BRCA2,Homo sapiens,hs,NM_000059.3,NP_000050.2,intron,7,7,7-8,11134,13963,11134,13963,1,2829,jin,0,,0.9624432676259311,ok,3,5,2829,1028,True
BRCA2,Homo sapiens,hs,NM_000059.3,NP_000050.2,intron,8,8,8-9,14013,15439,14013,15439,1,1426,jin,0,,0.9560221658768103,ok,3,5,1426,1028,True
BRCA2,Homo sapiens,hs,NM_000059.3,NP_000050.2,intron,9,9,9-10,15551,16792,15551,16792,1,1241,jin,0,,0.9619994543313717,ok,3,5,1241,1028,True
BRCA2,Homo sapiens,hs,NM_000059.3,NP_000050.2,intron,10,10,10-11,17908,20785,17908,20785,1,2877,jin,0,,0.9552264328355156,ok,3,5,2877,1028,True
BRCA2,Homo sapiens,hs,NM_000059.3,NP_000050.2,intron,11,11,11-12,25717,29078,25717,29078,1,3361,jin,0,,0.9650347160262371,ok,3,5,3361,1028,True
BRCA2,Homo sapiens,hs,NM_000059.3,NP_000050.2,intron,12,12,12-13,29174,31347,29174,31347,1,2173,jin,0,,0.9550036986491125,ok,3,5,2173,1028,True
BRCA2,Homo sapiens,hs,NM_000059.3,NP_000050.2,intron,13,13,13-14,31417,39381,31417,39381,1,7964,jin,0,,0.9625947549402735,ok,3,6,7964,4101,True
BRCA2,Homo sapiens,hs,NM_000059.3,NP_000050.2,intron,14,14,14-15,39809,40948,39809,40948,1,1139,jin,0,,0.965843788426667,ok,3,5,1139,1028,True
BRCA2,Homo sapiens,hs,NM_000059.3,NP_000050.2,intron,15,15,15-16,41130,42262,41130,42262,1,1132,jin,0,,0.9501621238472299,ok,3,5,1132,1028,True
BRCA2,Homo sapiens,hs,NM_000059.3,NP_000050.2,intron,16,16,16-17,42450,47043,42450,47043,1,4593,jin,0,,0.96334008546943,ok,3,6,4593,4101,True
BRCA2,Homo sapiens,hs,NM_000059.3,NP_000050.2,intron,17,17,17-18,47214,47699,47214,47699,1,485,jin,0,,0.958181466917298,ok,3,4,485,259,True
BRCA2,Homo sapiens,hs,NM_000059.3,NP_000050.2,intron,18,18,18-19,48054,54922,48054,54922,1,6868,jin,0,,0.9624129286873635,ok,3,6,6868,4101,True
BRCA2,Homo sapiens,hs,NM_000059.3,NP_000050.2,intron,19,19,19-20,55078,55476,55078,55476,1,398,jin,0,,0.9603000473256657,ok,3,4,398,259,True
BRCA2,Homo sapiens,hs,NM_000059.3,NP_000050.2,intron,20,20,20-21,55621,61190,55621,61190,1,5569,jin,0,,0.9627599842964257,ok,3,6,5569,4101,True
BRCA2,Homo sapiens,hs,NM_000059.3,NP_000050.2,intron,21,21,21-22,61312,63837,61312,63837,1,2525,jin,0,,0.9639036181920959,ok,3,5,2525,1028,True
BRCA2,Homo sapiens,hs,NM_000059.3,NP_000050.2,intron,22,22,22-23,64036,64270,64036,64270,1,234,jin,0,,0.9232179432608292,ok,3,3,234,66,False
BRCA2,Homo sapiens,hs,NM_000059.3,NP_000050.2,intron,23,23,23-24,64434,64527,64434,64527,1,93,jin,0,,0.9545702215722299,ok,3,3,93,66,False
BRCA2,Homo sapiens,hs,NM_000059.3,NP_000050.2,intron,24,24,24-25,64666,79209,64666,79209,1,14543,jin,0,,0.9631377238673321,ok,3,6,14543,4101,True
BRCA2,Homo sapiens,hs,NM_000059.3,NP_000050.2,intron,25,25,25-26,79454,81418,79454,81418,1,1964,jin,0,,0.9443310429375557,ok,3,5,1964,1028,True
BRCA2,Homo sapiens,hs,NM_000059.3,NP_000050.2,intron,26,26,26-27,81565,82682,81565,82682,1,1117,jin,0,,0.9512666336683907,ok,3,5,1117,1028,True
BRCA2,Pan troglodytes,pt,XM_016925134.4,XP_016780623.4,exon,1,1,,0,236,0,236,1,236,jin,0,,0.9205007432341099,ok,3,3,236,66,False
BRCA2,Pan troglodytes,pt,XM_016925134.4,XP_016780623.4,exon,2,2,,990,1096,990,1096,1,106,jin,0,,0.9504590781586869,ok,3,3,106,66,False
BRCA2,Pan troglodytes,pt,XM_016925134.4,XP_016780623.4,exon,3,3,,3664,3913,3664,3913,1,249,jin,0,,0.9545702215722299,ok,3,3,249,66,False
BRCA2,Pan troglodytes,pt,XM_016925134.4,XP_016780623.4,exon,4,4,,9664,9773,9664,9773,1,109,jin,0,,0.9584807397884187,ok,3,3,109,66,False
BRCA2,Pan troglodytes,pt,XM_016925134.4,XP_016780623.4,exon,5,5,,10689,10739,10689,10739,1,50,jin,0,,,k_greater_than_n_v,3,2,50,17,False
BRCA2,Pan troglodytes,pt,XM_016925134.4,XP_016780623.4,exon,6,6,,10830,10871,10830,10871,1,41,jin,0,,,k_greater_than_n_v,3,2,41,17,False
BRCA2,Pan troglodytes,pt,XM_016925134.4,XP_016780623.4,exon,7,7,,11087,11202,11087,11202,1,115,jin,0,,0.9699684232576277,ok,3,3,115,66,False
BRCA2,Pan troglodytes,pt,XM_016925134.4,XP_016780623.4,exon,8,8,,14044,14094,14044,14094,1,50,jin,0,,,k_greater_than_n_v,3,2,50,17,False
BRCA2,Pan troglodytes,pt,XM_016925134.4,XP_016780623.4,exon,9,9,,15520,15632,15520,15632,1,112,jin,0,,0.9169364381999174,ok,3,3,112,66,False
BRCA2,Pan troglodytes,pt,XM_016925134.4,XP_016780623.4,exon,10,10,,16864,17980,16864,17980,1,1116,jin,0,,0.9470987023729553,ok,3,5,1116,1028,True
BRCA2,Pan troglodytes,pt,XM_016925134.4,XP_016780623.4,exon,11,11,,20857,25789,20857,25789,1,4932,jin,0,,0.9506954044618071,ok,3,6,4932,4101,True
BRCA2,Pan troglodytes,pt,XM_016925134.4,XP_016780623.4,exon,12,12,,28878,28974,28878,28974,1,96,jin,0,,0.9194810876228688,ok,3,3,96,66,False
BRCA2,Pan troglodytes,pt,XM_016925134.4,XP_016780623.4,exon,13,13,,31147,31217,31147,31217,1,70,jin,0,,0.9565493276683812,ok,3,3,70,66,False
BRCA2,Pan troglodytes,pt,XM_016925134.4,XP_016780623.4,exon,14,14,,39200,39628,39200,39628,1,428,jin,0,,0.9531341153547298,ok,3,4,428,259,True
BRCA2,Pan troglodytes,pt,XM_016925134.4,XP_016780623.4,exon,15,15,,40764,40946,40764,40946,1,182,jin,0,,0.946910784408803,ok,3,3,182,66,False
BRCA2,Pan troglodytes,pt,XM_016925134.4,XP_016780623.4,exon,16,16,,42076,42264,42076,42264,1,188,jin,0,,0.9438677172420968,ok,3,3,188,66,False
BRCA2,Pan troglodytes,pt,XM_016925134.4,XP_016780623.4,exon,17,17,,46846,47017,46846,47017,1,171,jin,0,,0.9584807397884187,ok,3,3,171,66,False
BRCA2,Pan troglodytes,pt,XM_016925134.4,XP_016780623.4,exon,18,18,,47502,47857,47502,47857,1,355,jin,0,,0.9622926103308411,ok,3,4,355,259,True
BRCA2,Pan troglodytes,pt,XM_016925134.4,XP_016780623.4,exon,19,19,,54658,54814,54658,54814,1,156,jin,0,,0.9643084447010047,ok,3,3,156,66,False
BRCA2,Pan troglodytes,pt,XM_016925134.4,XP_016780623.4,exon,20,20,,55224,55369,55224,55369,1,145,jin,0,,0.9258460385262933,ok,3,3,145,66,False
BRCA2,Pan troglodytes,pt,XM_016925134.4,XP_016780623.4,exon,21,21,,60949,61071,60949,61071,1,122,jin,0,,0.9461256052697272,ok,3,3,122,66,False
BRCA2,Pan troglodytes,pt,XM_016925134.4,XP_016780623.4,exon,22,22,,63591,63790,63591,63790,1,199,jin,0,,0.9438677172420968,ok,3,3,199,66,False
BRCA2,Pan troglodytes,pt,XM_016925134.4,XP_016780623.4,exon,23,23,,64024,64188,64024,64188,1,164,jin,0,,0.9603001232701249,ok,3,3,164,66,False
BRCA2,Pan troglodytes,pt,XM_016925134.4,XP_016780623.4,exon,24,24,,64281,64420,64281,64420,1,139,jin,0,,0.9493034911805744,ok,3,3,139,66,False
BRCA2,Pan troglodytes,pt,XM_016925134.4,XP_016780623.4,exon,25,25,,78993,79238,78993,79238,1,245,jin,0,,0.968125819705672,ok,3,3,245,66,False
BRCA2,Pan troglodytes,pt,XM_016925134.4,XP_016780623.4,exon,26,26,,81194,81341,81194,81341,1,147,jin,0,,0.9169364381999174,ok,3,3,147,66,False
BRCA2,Pan troglodytes,pt,XM_016925134.4,XP_016780623.4,exon,27,27,,82459,84564,82459,84564,1,2105,jin,0,,0.9633651136993375,ok,3,5,2105,1028,True
BRCA2,Pan troglodytes,pt,XM_016925134.4,XP_016780623.4,intron,1,1,1-2,236,990,236,990,1,754,jin,0,,0.9499342638157499,ok,3,4,754,259,True
BRCA2,Pan troglodytes,pt,XM_016925134.4,XP_016780623.4,intron,2,2,2-3,1096,3664,1096,3664,1,2568,jin,0,,0.9657407787804716,ok,3,5,2568,1028,True
BRCA2,Pan troglodytes,pt,XM_016925134.4,XP_016780623.4,intron,3,3,3-4,3913,9664,3913,9664,1,5751,jin,0,,0.9650916708686014,ok,3,6,5751,4101,True
BRCA2,Pan troglodytes,pt,XM_016925134.4,XP_016780623.4,intron,4,4,4-5,9773,10689,9773,10689,1,916,jin,0,,0.9108836530907095,ok,3,4,916,259,True
BRCA2,Pan troglodytes,pt,XM_016925134.4,XP_016780623.4,intron,5,5,5-6,10739,10830,10739,10830,1,91,jin,0,,0.9087785832927358,ok,3,3,91,66,False
BRCA2,Pan troglodytes,pt,XM_016925134.4,XP_016780623.4,intron,6,6,6-7,10871,11087,10871,11087,1,216,jin,0,,0.9516268342747204,ok,3,3,216,66,False
BRCA2,Pan troglodytes,pt,XM_016925134.4,XP_016780623.4,intron,7,7,7-8,11202,14044,11202,14044,1,2842,jin,0,,0.9626170503810335,ok,3,5,2842,1028,True
BRCA2,Pan troglodytes,pt,XM_016925134.4,XP_016780623.4,intron,8,8,8-9,14094,15520,14094,15520,1,1426,jin,0,,0.9541597014520473,ok,3,5,1426,1028,True
BRCA2,Pan troglodytes,pt,XM_016925134.4,XP_016780623.4,intron,9,9,9-10,15632,16864,15632,16864,1,1232,jin,0,,0.9603687182447329,ok,3,5,1232,1028,True
BRCA2,Pan troglodytes,pt,XM_016925134.4,XP_016780623.4,intron,10,10,10-11,17980,20857,17980,20857,1,2877,jin,0,,0.9528552213130238,ok,3,5,2877,1028,True
BRCA2,Pan troglodytes,pt,XM_016925134.4,XP_016780623.4,intron,11,11,11-12,25789,28878,25789,28878,1,3089,jin,0,,0.9645331949067136,ok,3,5,3089,1028,True
BRCA2,Pan troglodytes,pt,XM_016925134.4,XP_016780623.4,intron,12,12,12-13,28974,31147,28974,31147,1,2173,jin,0,,0.9569209949339758,ok,3,5,2173,1028,True
BRCA2,Pan troglodytes,pt,XM_016925134.4,XP_016780623.4,intron,13,13,13-14,31217,39200,31217,39200,1,7983,jin,0,,0.9608423086252524,ok,3,6,7983,4101,True
BRCA2,Pan troglodytes,pt,XM_016925134.4,XP_016780623.4,intron,14,14,14-15,39628,40764,39628,40764,1,1136,jin,0,,0.9657587489090226,ok,3,5,1136,1028,True
BRCA2,Pan troglodytes,pt,XM_016925134.4,XP_016780623.4,intron,15,15,15-16,40946,42076,40946,42076,1,1130,jin,0,,0.9531309312638211,ok,3,5,1130,1028,True
BRCA2,Pan troglodytes,pt,XM_016925134.4,XP_016780623.4,intron,16,16,16-17,42264,46846,42264,46846,1,4582,jin,0,,0.9637050958000454,ok,3,6,4582,4101,True
BRCA2,Pan troglodytes,pt,XM_016925134.4,XP_016780623.4,intron,17,17,17-18,47017,47502,47017,47502,1,485,jin,0,,0.958181466917298,ok,3,4,485,259,True
BRCA2,Pan troglodytes,pt,XM_016925134.4,XP_016780623.4,intron,18,18,18-19,47857,54658,47857,54658,1,6801,jin,0,,0.9615704833554819,ok,3,6,6801,4101,True
BRCA2,Pan troglodytes,pt,XM_016925134.4,XP_016780623.4,intron,19,19,19-20,54814,55224,54814,55224,1,410,jin,0,,0.9568048736970152,ok,3,4,410,259,True
BRCA2,Pan troglodytes,pt,XM_016925134.4,XP_016780623.4,intron,20,20,20-21,55369,60949,55369,60949,1,5580,jin,0,,0.9626629163489732,ok,3,6,5580,4101,True
BRCA2,Pan troglodytes,pt,XM_016925134.4,XP_016780623.4,intron,21,21,21-22,61071,63591,61071,63591,1,2520,jin,0,,0.9640820593419027,ok,3,5,2520,1028,True
BRCA2,Pan troglodytes,pt,XM_016925134.4,XP_016780623.4,intron,22,22,22-23,63790,64024,63790,64024,1,234,jin,0,,0.9232179432608292,ok,3,3,234,66,False
BRCA2,Pan troglodytes,pt,XM_016925134.4,XP_016780623.4,intron,23,23,23-24,64188,64281,64188,64281,1,93,jin,0,,0.9545702215722299,ok,3,3,93,66,False
BRCA2,Pan troglodytes,pt,XM_016925134.4,XP_016780623.4,intron,24,24,24-25,64420,78993,64420,78993,1,14573,jin,0,,0.963023825300077,ok,3,6,14573,4101,True
BRCA2,Pan troglodytes,pt,XM_016925134.4,XP_016780623.4,intron,25,25,25-26,79238,81194,79238,81194,1,1956,jin,0,,0.9442529286020465,ok,3,5,1956,1028,True
BRCA2,Pan troglodytes,pt,XM_016925134.4,XP_016780623.4,intron,26,26,26-27,81341,82459,81341,82459,1,1118,jin,0,,0.9488968642782533,ok,3,5,1118,1028,True
BRCA2,Mus musculus,mm,NM_001081001.2,NP_001074470.1,exon,1,1,,0,470,327,797,1,470,jin,0,,0.9253869790486142,ok,3,4,470,259,True
BRCA2,Mus musculus,mm,NM_001081001.2,NP_001074470.1,exon,2,2,,554,659,881,986,1,105,jin,0,,0.9643084447010047,ok,3,3,105,66,False
BRCA2,Mus musculus,mm,NM_001081001.2,NP_001074470.1,exon,3,3,,6849,7077,7176,7404,1,228,jin,0,,0.9643084447010047,ok,3,3,228,66,False
BRCA2,Mus musculus,mm,NM_001081001.2,NP_001074470.1,exon,4,4,,8448,8557,8775,8884,1,109,jin,0,,0.9438677172420968,ok,3,3,109,66,False
BRCA2,Mus musculus,mm,NM_001081001.2,NP_001074470.1,exon,5,5,,9063,9113,9390,9440,1,50,jin,0,,,k_greater_than_n_v,3,2,50,17,False
BRCA2,Mus musculus,mm,NM_001081001.2,NP_001074470.1,exon,6,6,,9434,9475,9761,9802,1,41,jin,0,,,k_greater_than_n_v,3,2,41,17,False
BRCA2,Mus musculus,mm,NM_001081001.2,NP_001074470.1,exon,7,7,,9670,9782,9997,10109,1,112,jin,0,,0.9442463667749252,ok,3,3,112,66,False
BRCA2,Mus musculus,mm,NM_001081001.2,NP_001074470.1,exon,8,8,,11972,12022,12299,12349,1,50,jin,0,,,k_greater_than_n_v,3,2,50,17,False
BRCA2,Mus musculus,mm,NM_001081001.2,NP_001074470.1,exon,9,9,,12818,12930,13145,13257,1,112,jin,0,,0.940026986039742,ok,3,3,112,66,False
BRCA2,Mus musculus,mm,NM_001081001.2,NP_001074470.1,exon,10,10,,13410,14517,13737,14844,1,1107,jin,0,,0.9535360353411969,ok,3,5,1107,1028,True
BRCA2,Mus musculus,mm,NM_001081001.2,NP_001074470.1,exon,11,11,,16028,20837,16355,21164,1,4809,jin,0,,0.9561810103080205,ok,3,6,4809,4101,True
BRCA2,Mus musculus,mm,NM_001081001.2,NP_001074470.1,exon,12,12,,22274,22370,22601,22697,1,96,jin,0,,0.9391516673761795,ok,3,3,96,66,False
BRCA2,Mus musculus,mm,NM_001081001.2,NP_001074470.1,exon,13,13,,25320,25390,25647,25717,1,70,jin,0,,0.9643084447010047,ok,3,3,70,66,False
BRCA2,Mus musculus,mm,NM_001081001.2,NP_001074470.1,exon,14,14,,25868,26215,26195,26542,1,347,jin,0,,0.9616033235936651,ok,3,4,347,259,True
BRCA2,Mus musculus,mm,NM_001081001.2,NP_001074470.1,exon,15,15,,28211,28393,28538,28720,1,182,jin,0,,0.9603001232701249,ok,3,3,182,66,False
BRCA2,Mus musculus,mm,NM_001081001.2,NP_001074470.1,exon,16,16,,29586,29774,29913,30101,1,188,jin,0,,0.9504590781586869,ok,3,3,188,66,False
BRCA2,Mus musculus,mm,NM_001081001.2,NP_001074470.1,exon,17,17,,30316,30487,30643,30814,1,171,jin,0,,0.9584807397884187,ok,3,3,171,66,False
BRCA2,Mus musculus,mm,NM_001081001.2,NP_001074470.1,exon,18,18,,31534,31889,31861,32216,1,355,jin,0,,0.9663771667616429,ok,3,4,355,259,True
BRCA2,Mus musculus,mm,NM_001081001.2,NP_001074470.1,exon,19,19,,34240,34396,34567,34723,1,156,jin,0,,0.9438677172420968,ok,3,3,156,66,False
BRCA2,Mus musculus,mm,NM_001081001.2,NP_001074470.1,exon,20,20,,34480,34625,34807,34952,1,145,jin,0,,0.9415443741479509,ok,3,3,145,66,False
BRCA2,Mus musculus,mm,NM_001081001.2,NP_001074470.1,exon,21,21,,35769,35891,36096,36218,1,122,jin,0,,0.9332497346853748,ok,3,3,122,66,False
BRCA2,Mus musculus,mm,NM_001081001.2,NP_001074470.1,exon,22,22,,37383,37576,37710,37903,1,193,jin,0,,0.9438677172420968,ok,3,3,193,66,False
BRCA2,Mus musculus,mm,NM_001081001.2,NP_001074470.1,exon,23,23,,37807,37971,38134,38298,1,164,jin,0,,0.9623293386048535,ok,3,3,164,66,False
BRCA2,Mus musculus,mm,NM_001081001.2,NP_001074470.1,exon,24,24,,38064,38203,38391,38530,1,139,jin,0,,0.9194810876228688,ok,3,3,139,66,False
BRCA2,Mus musculus,mm,NM_001081001.2,NP_001074470.1,exon,25,25,,44267,44509,44594,44836,1,242,jin,0,,0.968125819705672,ok,3,3,242,66,False
BRCA2,Mus musculus,mm,NM_001081001.2,NP_001074470.1,exon,26,26,,44986,45148,45313,45475,1,162,jin,0,,0.9623293386048535,ok,3,3,162,66,False
BRCA2,Mus musculus,mm,NM_001081001.2,NP_001074470.1,exon,27,27,,46318,47527,46645,47854,1,1209,jin,0,,0.970414397833551,ok,3,5,1209,1028,True
BRCA2,Mus musculus,mm,NM_001081001.2,NP_001074470.1,intron,1,1,1-2,470,554,797,881,1,84,jin,0,,0.9699684232576277,ok,3,3,84,66,False
BRCA2,Mus musculus,mm,NM_001081001.2,NP_001074470.1,intron,2,2,2-3,659,6849,986,7176,1,6190,jin,0,,0.9597736137591344,ok,3,6,6190,4101,True
BRCA2,Mus musculus,mm,NM_001081001.2,NP_001074470.1,intron,3,3,3-4,7077,8448,7404,8775,1,1371,jin,0,,0.9562232021251328,ok,3,5,1371,1028,True
BRCA2,Mus musculus,mm,NM_001081001.2,NP_001074470.1,intron,4,4,4-5,8557,9063,8884,9390,1,506,jin,0,,0.9544362376040816,ok,3,4,506,259,True
BRCA2,Mus musculus,mm,NM_001081001.2,NP_001074470.1,intron,5,5,5-6,9113,9434,9440,9761,1,321,jin,0,,0.9548640849146577,ok,3,4,321,259,True
BRCA2,Mus musculus,mm,NM_001081001.2,NP_001074470.1,intron,6,6,6-7,9475,9670,9802,9997,1,195,jin,0,,0.9565493276683812,ok,3,3,195,66,False
BRCA2,Mus musculus,mm,NM_001081001.2,NP_001074470.1,intron,7,7,7-8,9782,11972,10109,12299,1,2190,jin,0,,0.9596380495704278,ok,3,5,2190,1028,True
BRCA2,Mus musculus,mm,NM_001081001.2,NP_001074470.1,intron,8,8,8-9,12022,12818,12349,13145,1,796,jin,0,,0.9437693024882448,ok,3,4,796,259,True
BRCA2,Mus musculus,mm,NM_001081001.2,NP_001074470.1,intron,9,9,9-10,12930,13410,13257,13737,1,480,jin,0,,0.9489403670204438,ok,3,4,480,259,True
BRCA2,Mus musculus,mm,NM_001081001.2,NP_001074470.1,intron,10,10,10-11,14517,16028,14844,16355,1,1511,jin,0,,0.9574764461055599,ok,3,5,1511,1028,True
BRCA2,Mus musculus,mm,NM_001081001.2,NP_001074470.1,intron,11,11,11-12,20837,22274,21164,22601,1,1437,jin,0,,0.9423359716075951,ok,3,5,1437,1028,True
BRCA2,Mus musculus,mm,NM_001081001.2,NP_001074470.1,intron,12,12,12-13,22370,25320,22697,25647,1,2950,jin,0,,0.9509668307297791,ok,3,5,2950,1028,True
BRCA2,Mus musculus,mm,NM_001081001.2,NP_001074470.1,intron,13,13,13-14,25390,25868,25717,26195,1,478,jin,0,,0.9513528800439243,ok,3,4,478,259,True
BRCA2,Mus musculus,mm,NM_001081001.2,NP_001074470.1,intron,14,14,14-15,26215,28211,26542,28538,1,1996,jin,0,,0.9633884269747407,ok,3,5,1996,1028,True
BRCA2,Mus musculus,mm,NM_001081001.2,NP_001074470.1,intron,15,15,15-16,28393,29586,28720,29913,1,1193,jin,0,,0.9679082333665128,ok,3,5,1193,1028,True
BRCA2,Mus musculus,mm,NM_001081001.2,NP_001074470.1,intron,16,16,16-17,29774,30316,30101,30643,1,542,jin,0,,0.9104564919971341,ok,3,4,542,259,True
BRCA2,Mus musculus,mm,NM_001081001.2,NP_001074470.1,intron,17,17,17-18,30487,31534,30814,31861,1,1047,jin,0,,0.959560086154827,ok,3,5,1047,1028,True
BRCA2,Mus musculus,mm,NM_001081001.2,NP_001074470.1,intron,18,18,18-19,31889,34240,32216,34567,1,2351,jin,0,,0.9608427614343259,ok,3,5,2351,1028,True
BRCA2,Mus musculus,mm,NM_001081001.2,NP_001074470.1,intron,19,19,19-20,34396,34480,34723,34807,1,84,jin,0,,0.9415443741479509,ok,3,3,84,66,False
BRCA2,Mus musculus,mm,NM_001081001.2,NP_001074470.1,intron,20,20,20-21,34625,35769,34952,36096,1,1144,jin,0,,0.9670225393542502,ok,3,5,1144,1028,True
BRCA2,Mus musculus,mm,NM_001081001.2,NP_001074470.1,intron,21,21,21-22,35891,37383,36218,37710,1,1492,jin,0,,0.9603186214242219,ok,3,5,1492,1028,True
BRCA2,Mus musculus,mm,NM_001081001.2,NP_001074470.1,intron,22,22,22-23,37576,37807,37903,38134,1,231,jin,0,,0.8991554818410744,ok,3,3,231,66,False
BRCA2,Mus musculus,mm,NM_001081001.2,NP_001074470.1,intron,23,23,23-24,37971,38064,38298,38391,1,93,jin,0,,0.9332497346853748,ok,3,3,93,66,False
BRCA2,Mus musculus,mm,NM_001081001.2,NP_001074470.1,intron,24,24,24-25,38203,44267,38530,44594,1,6064,jin,0,,0.9649030066512173,ok,3,6,6064,4101,True
BRCA2,Mus musculus,mm,NM_001081001.2,NP_001074470.1,intron,25,25,25-26,44509,44986,44836,45313,1,477,jin,0,,0.9540876736702959,ok,3,4,477,259,True
BRCA2,Mus musculus,mm,NM_001081001.2,NP_001074470.1,intron,26,26,26-27,45148,46318,45475,46645,1,1170,jin,0,,0.9621778707561092,ok,3,5,1170,1028,True
PALB2,Homo sapiens,hs,NM_024675.3,NP_078951.2,exon,1,1,,0,248,0,248,1,248,jin,0,,0.9483216255023182,ok,3,3,248,66,False
PALB2,Homo sapiens,hs,NM_024675.3,NP_078951.2,exon,2,2,,3228,3288,3228,3288,1,60,jin,0,,,k_greater_than_n_v,3,2,60,17,False
PALB2,Homo sapiens,hs,NM_024675.3,NP_078951.2,exon,3,3,,3405,3508,3405,3508,1,103,jin,0,,0.9461256052697272,ok,3,3,103,66,False
PALB2,Homo sapiens,hs,NM_024675.3,NP_078951.2,exon,4,4,,5023,6496,5023,6496,1,1473,jin,0,,0.9490034992764089,ok,3,5,1473,1028,True
PALB2,Homo sapiens,hs,NM_024675.3,NP_078951.2,exon,5,5,,10888,11718,10888,11718,1,830,jin,0,,0.9572002951150315,ok,3,4,830,259,True
PALB2,Homo sapiens,hs,NM_024675.3,NP_078951.2,exon,6,6,,12082,12154,12082,12154,1,72,jin,0,,0.9545702215722299,ok,3,3,72,66,False
PALB2,Homo sapiens,hs,NM_024675.3,NP_078951.2,exon,7,7,,14960,15122,14960,15122,1,162,jin,0,,0.9525410062375016,ok,3,3,162,66,False
PALB2,Homo sapiens,hs,NM_024675.3,NP_078951.2,exon,8,8,,17263,17349,17263,17349,1,86,jin,0,,0.9643084447010047,ok,3,3,86,66,False
PALB2,Homo sapiens,hs,NM_024675.3,NP_078951.2,exon,9,9,,18227,18389,18227,18389,1,162,jin,0,,0.9438677172420968,ok,3,3,162,66,False
PALB2,Homo sapiens,hs,NM_024675.3,NP_078951.2,exon,10,10,,19879,19996,19879,19996,1,117,jin,0,,0.9483216255023182,ok,3,3,117,66,False
PALB2,Homo sapiens,hs,NM_024675.3,NP_078951.2,exon,11,11,,27266,27354,27266,27354,1,88,jin,0,,0.9525410062375016,ok,3,3,88,66,False
PALB2,Homo sapiens,hs,NM_024675.3,NP_078951.2,exon,12,12,,33345,33494,33345,33494,1,149,jin,0,,0.9525410062375016,ok,3,3,149,66,False
PALB2,Homo sapiens,hs,NM_024675.3,NP_078951.2,exon,13,13,,37688,38196,37688,38196,1,508,jin,0,,0.9621438158024739,ok,3,4,508,259,True
PALB2,Homo sapiens,hs,NM_024675.3,NP_078951.2,intron,1,1,1-2,248,3228,248,3228,1,2980,jin,0,,0.9736510642892832,ok,3,5,2980,1028,True
PALB2,Homo sapiens,hs,NM_024675.3,NP_078951.2,intron,2,2,2-3,3288,3405,3288,3405,1,117,jin,0,,0.9355730777795207,ok,3,3,117,66,False
PALB2,Homo sapiens,hs,NM_024675.3,NP_078951.2,intron,3,3,3-4,3508,5023,3508,5023,1,1515,jin,0,,0.9587969463263718,ok,3,5,1515,1028,True
PALB2,Homo sapiens,hs,NM_024675.3,NP_078951.2,intron,4,4,4-5,6496,10888,6496,10888,1,4392,jin,0,,0.959625186823645,ok,3,6,4392,4101,True
PALB2,Homo sapiens,hs,NM_024675.3,NP_078951.2,intron,5,5,5-6,11718,12082,11718,12082,1,364,jin,0,,0.9509111909275006,ok,3,4,364,259,True
PALB2,Homo sapiens,hs,NM_024675.3,NP_078951.2,intron,6,6,6-7,12154,14960,12154,14960,1,2806,jin,0,,0.9637489542019537,ok,3,5,2806,1028,True
PALB2,Homo sapiens,hs,NM_024675.3,NP_078951.2,intron,7,7,7-8,15122,17263,15122,17263,1,2141,jin,0,,0.9553875104106084,ok,3,5,2141,1028,True
PALB2,Homo sapiens,hs,NM_024675.3,NP_078951.2,intron,8,8,8-9,17349,18227,17349,18227,1,878,jin,0,,0.9583527452381991,ok,3,4,878,259,True
PALB2,Homo sapiens,hs,NM_024675.3,NP_078951.2,intron,9,9,9-10,18389,19879,18389,19879,1,1490,jin,0,,0.9612459797520921,ok,3,5,1490,1028,True
PALB2,Homo sapiens,hs,NM_024675.3,NP_078951.2,intron,10,10,10-11,19996,27266,19996,27266,1,7270,jin,0,,0.9645807869122468,ok,3,6,7270,4101,True
PALB2,Homo sapiens,hs,NM_024675.3,NP_078951.2,intron,11,11,11-12,27354,33345,27354,33345,1,5991,jin,0,,0.959563683525913,ok,3,6,5991,4101,True
PALB2,Homo sapiens,hs,NM_024675.3,NP_078951.2,intron,12,12,12-13,33494,37688,33494,37688,1,4194,jin,0,,0.9647528678938279,ok,3,6,4194,4101,True
PALB2,Pan troglodytes,pt,XM_063796860.1,XP_510877.4,exon,1,1,,0,201,1,202,1,201,jin,0,,0.940026986039742,ok,3,3,201,66,False
PALB2,Pan troglodytes,pt,XM_063796860.1,XP_510877.4,exon,2,2,,2729,2863,2730,2864,1,134,jin,0,,0.9504590781586869,ok,3,3,134,66,False
PALB2,Pan troglodytes,pt,XM_063796860.1,XP_510877.4,exon,3,3,,3192,3252,3193,3253,1,60,jin,0,,,k_greater_than_n_v,3,2,60,17,False
PALB2,Pan troglodytes,pt,XM_063796860.1,XP_510877.4,exon,4,4,,3369,3472,3370,3473,1,103,jin,0,,0.9461256052697272,ok,3,3,103,66,False
PALB2,Pan troglodytes,pt,XM_063796860.1,XP_510877.4,exon,5,5,,4984,6457,4985,6458,1,1473,jin,0,,0.9514725804680229,ok,3,5,1473,1028,True
PALB2,Pan troglodytes,pt,XM_063796860.1,XP_510877.4,exon,6,6,,10826,11656,10827,11657,1,830,jin,0,,0.9553992666483446,ok,3,4,830,259,True
PALB2,Pan troglodytes,pt,XM_063796860.1,XP_510877.4,exon,7,7,,12020,12092,12021,12093,1,72,jin,0,,0.9545702215722299,ok,3,3,72,66,False
PALB2,Pan troglodytes,pt,XM_063796860.1,XP_510877.4,exon,8,8,,14570,14732,14571,14733,1,162,jin,0,,0.9525410062375016,ok,3,3,162,66,False
PALB2,Pan troglodytes,pt,XM_063796860.1,XP_510877.4,exon,9,9,,16865,16951,16866,16952,1,86,jin,0,,0.9643084447010047,ok,3,3,86,66,False
PALB2,Pan troglodytes,pt,XM_063796860.1,XP_510877.4,exon,10,10,,17827,17989,17828,17990,1,162,jin,0,,0.9438677172420968,ok,3,3,162,66,False
PALB2,Pan troglodytes,pt,XM_063796860.1,XP_510877.4,exon,11,11,,19482,19599,19483,19600,1,117,jin,0,,0.9483216255023182,ok,3,3,117,66,False
PALB2,Pan troglodytes,pt,XM_063796860.1,XP_510877.4,exon,12,12,,26566,26654,26567,26655,1,88,jin,0,,0.9525410062375016,ok,3,3,88,66,False
PALB2,Pan troglodytes,pt,XM_063796860.1,XP_510877.4,exon,13,13,,32664,32813,32665,32814,1,149,jin,0,,0.9525410062375016,ok,3,3,149,66,False
PALB2,Pan troglodytes,pt,XM_063796860.1,XP_510877.4,exon,14,14,,37039,37547,37040,37548,1,508,jin,0,,0.9621438158024739,ok,3,4,508,259,True
PALB2,Pan troglodytes,pt,XM_063796860.1,XP_510877.4,intron,1,1,1-2,201,2729,202,2730,1,2528,jin,0,,0.9734162883891458,ok,3,5,2528,1028,True
PALB2,Pan troglodytes,pt,XM_063796860.1,XP_510877.4,intron,2,2,2-3,2863,3192,2864,3193,1,329,jin,0,,0.9557107509304741,ok,3,4,329,259,True
PALB2,Pan troglodytes,pt,XM_063796860.1,XP_510877.4,intron,3,3,3-4,3252,3369,3253,3370,1,117,jin,0,,0.9355730777795207,ok,3,3,117,66,False
PALB2,Pan troglodytes,pt,XM_063796860.1,XP_510877.4,intron,4,4,4-5,3472,4984,3473,4985,1,1512,jin,0,,0.9604162370958117,ok,3,5,1512,1028,True
PALB2,Pan troglodytes,pt,XM_063796860.1,XP_510877.4,intron,5,5,5-6,6457,10826,6458,10827,1,4369,jin,0,,0.960998296141821,ok,3,6,4369,4101,True
PALB2,Pan troglodytes,pt,XM_063796860.1,XP_510877.4,intron,6,6,6-7,11656,12020,11657,12021,1,364,jin,0,,0.9509111909275006,ok,3,4,364,259,True
PALB2,Pan troglodytes,pt,XM_063796860.1,XP_510877.4,intron,7,7,7-8,12092,14570,12093,14571,1,2478,jin,0,,0.9646105814216052,ok,3,5,2478,1028,True
PALB2,Pan troglodytes,pt,XM_063796860.1,XP_510877.4,intron,8,8,8-9,14732,16865,14733,16866,1,2133,jin,0,,0.9574992645744698,ok,3,5,2133,1028,True
PALB2,Pan troglodytes,pt,XM_063796860.1,XP_510877.4,intron,9,9,9-10,16951,17827,16952,17828,1,876,jin,0,,0.9583527452381991,ok,3,4,876,259,True
PALB2,Pan troglodytes,pt,XM_063796860.1,XP_510877.4,intron,10,10,10-11,17989,19482,17990,19483,1,1493,jin,0,,0.9640809542653738,ok,3,5,1493,1028,True
PALB2,Pan troglodytes,pt,XM_063796860.1,XP_510877.4,intron,11,11,11-12,19599,26566,19600,26567,1,6967,jin,0,,0.9641527161664456,ok,3,6,6967,4101,True
PALB2,Pan troglodytes,pt,XM_063796860.1,XP_510877.4,intron,12,12,12-13,26654,32664,26655,32665,1,6010,jin,0,,0.9597571802215854,ok,3,6,6010,4101,True
PALB2,Pan troglodytes,pt,XM_063796860.1,XP_510877.4,intron,13,13,13-14,32813,37039,32814,37040,1,4226,jin,0,,0.9643644487985226,ok,3,6,4226,4101,True
PALB2,Mus musculus,mm,NM_001081238.2,NP_001074707.1,exon,1,1,,0,227,34,261,1,227,jin,0,,0.9560807425349417,ok,3,3,227,66,False
PALB2,Mus musculus,mm,NM_001081238.2,NP_001074707.1,exon,2,2,,3213,3273,3247,3307,1,60,jin,0,,,k_greater_than_n_v,3,2,60,17,False
PALB2,Mus musculus,mm,NM_001081238.2,NP_001074707.1,exon,3,3,,3930,4024,3964,4058,1,94,jin,0,,0.9391516673761795,ok,3,3,94,66,False
PALB2,Mus musculus,mm,NM_001081238.2,NP_001074707.1,exon,4,4,,4503,5898,4537,5932,1,1395,jin,0,,0.9664208003191584,ok,3,5,1395,1028,True
PALB2,Mus musculus,mm,NM_001081238.2,NP_001074707.1,exon,5,5,,8019,8690,8053,8724,1,671,jin,0,,0.9536440384953164,ok,3,4,671,259,True
PALB2,Mus musculus,mm,NM_001081238.2,NP_001074707.1,exon,6,6,,9238,9310,9272,9344,1,72,jin,0,,0.9662398568210423,ok,3,3,72,66,False
PALB2,Mus musculus,mm,NM_001081238.2,NP_001074707.1,exon,7,7,,11731,11893,11765,11927,1,162,jin,0,,0.9483216255023182,ok,3,3,162,66,False
PALB2,Mus musculus,mm,NM_001081238.2,NP_001074707.1,exon,8,8,,15591,15677,15625,15711,1,86,jin,0,,0.9504590781586869,ok,3,3,86,66,False
PALB2,Mus musculus,mm,NM_001081238.2,NP_001074707.1,exon,9,9,,18476,18638,18510,18672,1,162,jin,0,,0.9623293386048535,ok,3,3,162,66,False
PALB2,Mus musculus,mm,NM_001081238.2,NP_001074707.1,exon,10,10,,19580,19697,19614,19731,1,117,jin,0,,0.9391516673761795,ok,3,3,117,66,False
PALB2,Mus musculus,mm,NM_001081238.2,NP_001074707.1,exon,11,11,,20914,21002,20948,21036,1,88,jin,0,,0.968125819705672,ok,3,3,88,66,False
PALB2,Mus musculus,mm,NM_001081238.2,NP_001074707.1,exon,12,12,,22116,22265,22150,22299,1,149,jin,0,,0.9243401343589989,ok,3,3,149,66,False
PALB2,Mus musculus,mm,NM_001081238.2,NP_001074707.1,exon,13,13,,25218,25685,25252,25719,1,467,jin,0,,0.9628050886772311,ok,3,4,467,259,True
PALB2,Mus musculus,mm,NM_001081238.2,NP_001074707.1,intron,1,1,1-2,227,3213,261,3247,1,2986,jin,0,,0.9650588732719294,ok,3,5,2986,1028,True
PALB2,Mus musculus,mm,NM_001081238.2,NP_001074707.1,intron,2,2,2-3,3273,3930,3307,3964,1,657,jin,0,,0.9583527452381991,ok,3,4,657,259,True
PALB2,Mus musculus,mm,NM_001081238.2,NP_001074707.1,intron,3,3,3-4,4024,4503,4058,4537,1,479,jin,0,,0.9417921482255425,ok,3,4,479,259,True
PALB2,Mus musculus,mm,NM_001081238.2,NP_001074707.1,intron,4,4,4-5,5898,8019,5932,8053,1,2121,jin,0,,0.9680134345876166,ok,3,5,2121,1028,True
PALB2,Mus musculus,mm,NM_001081238.2,NP_001074707.1,intron,5,5,5-6,8690,9238,8724,9272,1,548,jin,0,,0.9525867070333464,ok,3,4,548,259,True
PALB2,Mus musculus,mm,NM_001081238.2,NP_001074707.1,intron,6,6,6-7,9310,11731,9344,11765,1,2421,jin,0,,0.964587167725863,ok,3,5,2421,1028,True
PALB2,Mus musculus,mm,NM_001081238.2,NP_001074707.1,intron,7,7,7-8,11893,15591,11927,15625,1,3698,jin,0,,0.9648804638693088,ok,3,5,3698,1028,True
PALB2,Mus musculus,mm,NM_001081238.2,NP_001074707.1,intron,8,8,8-9,15677,18476,15711,18510,1,2799,jin,0,,0.9570341673012908,ok,3,5,2799,1028,True
PALB2,Mus musculus,mm,NM_001081238.2,NP_001074707.1,intron,9,9,9-10,18638,19580,18672,19614,1,942,jin,0,,0.9569588018513753,ok,3,4,942,259,True
PALB2,Mus musculus,mm,NM_001081238.2,NP_001074707.1,intron,10,10,10-11,19697,20914,19731,20948,1,1217,jin,0,,0.9630835037323774,ok,3,5,1217,1028,True
PALB2,Mus musculus,mm,NM_001081238.2,NP_001074707.1,intron,11,11,11-12,21002,22116,21036,22150,1,1114,jin,0,,0.962837563008006,ok,3,5,1114,1028,True
PALB2,Mus musculus,mm,NM_001081238.2,NP_001074707.1,intron,12,12,12-13,22265,25218,22299,25252,1,2953,jin,0,,0.9573162507972793,ok,3,5,2953,1028,True
BARD1,Homo sapiens,hs,NM_000465.4,NP_000456.2,exon,1,1,,0,272,0,272,1,272,jin,0,,0.9417921482255425,ok,3,4,272,259,True
BARD1,Homo sapiens,hs,NM_000465.4,NP_000456.2,exon,2,2,,12566,12623,12566,12623,1,57,jin,0,,,k_greater_than_n_v,3,2,57,17,False
BARD1,Homo sapiens,hs,NM_000465.4,NP_000456.2,exon,3,3,,17238,17387,17238,17387,1,149,jin,0,,0.9643084447010047,ok,3,3,149,66,False
BARD1,Homo sapiens,hs,NM_000465.4,NP_000456.2,exon,4,4,,28174,29124,28174,29124,1,950,jin,0,,0.9471593576187072,ok,3,4,950,259,True
BARD1,Homo sapiens,hs,NM_000465.4,NP_000456.2,exon,5,5,,40371,40452,40371,40452,1,81,jin,0,,0.9582181951913102,ok,3,3,81,66,False
BARD1,Homo sapiens,hs,NM_000465.4,NP_000456.2,exon,6,6,,42029,42202,42029,42202,1,173,jin,0,,0.9504590781586869,ok,3,3,173,66,False
BARD1,Homo sapiens,hs,NM_000465.4,NP_000456.2,exon,7,7,,57128,57237,57128,57237,1,109,jin,0,,0.9582181951913102,ok,3,3,109,66,False
BARD1,Homo sapiens,hs,NM_000465.4,NP_000456.2,exon,8,8,,63829,63962,63829,63962,1,133,jin,0,,0.9643084447010047,ok,3,3,133,66,False
BARD1,Homo sapiens,hs,NM_000465.4,NP_000456.2,exon,9,9,,64524,64617,64524,64617,1,93,jin,0,,0.9483216255023182,ok,3,3,93,66,False
BARD1,Homo sapiens,hs,NM_000465.4,NP_000456.2,exon,10,10,,79175,79273,79175,79273,1,98,jin,0,,0.9493034911805744,ok,3,3,98,66,False
BARD1,Homo sapiens,hs,NM_000465.4,NP_000456.2,exon,11,11,,80675,84038,80675,84038,1,3363,jin,0,,0.964017941748707,ok,3,5,3363,1028,True
BARD1,Homo sapiens,hs,NM_000465.4,NP_000456.2,intron,1,1,1-2,272,12566,272,12566,1,12294,jin,0,,0.9689274879098764,ok,3,6,12294,4101,True
BARD1,Homo sapiens,hs,NM_000465.4,NP_000456.2,intron,2,2,2-3,12623,17238,12623,17238,1,4615,jin,0,,0.9609815901414621,ok,3,6,4615,4101,True
BARD1,Homo sapiens,hs,NM_000465.4,NP_000456.2,intron,3,3,3-4,17387,28174,17387,28174,1,10787,jin,0,,0.9609494147924206,ok,3,6,10787,4101,True
BARD1,Homo sapiens,hs,NM_000465.4,NP_000456.2,intron,4,4,4-5,29124,40371,29124,40371,1,11247,jin,0,,0.9667106376131976,ok,3,6,11247,4101,True
BARD1,Homo sapiens,hs,NM_000465.4,NP_000456.2,intron,5,5,5-6,40452,42029,40452,42029,1,1577,jin,0,,0.9494413330159454,ok,3,5,1577,1028,True
BARD1,Homo sapiens,hs,NM_000465.4,NP_000456.2,intron,6,6,6-7,42202,57128,42202,57128,1,14926,jin,0,,0.9618960738008236,ok,3,6,14926,4101,True
BARD1,Homo sapiens,hs,NM_000465.4,NP_000456.2,intron,7,7,7-8,57237,63829,57237,63829,1,6592,jin,0,,0.9620964201926195,ok,3,6,6592,4101,True
BARD1,Homo sapiens,hs,NM_000465.4,NP_000456.2,intron,8,8,8-9,63962,64524,63962,64524,1,562,jin,0,,0.9455212378438386,ok,3,4,562,259,True
BARD1,Homo sapiens,hs,NM_000465.4,NP_000456.2,intron,9,9,9-10,64617,79175,64617,79175,1,14558,jin,0,,0.9600060704680109,ok,3,6,14558,4101,True
BARD1,Homo sapiens,hs,NM_000465.4,NP_000456.2,intron,10,10,10-11,79273,80675,79273,80675,1,1402,jin,0,,0.958216835818562,ok,3,5,1402,1028,True
BARD1,Pan troglodytes,pt,XM_526019.7,XP_526019.3,exon,1,1,,0,497,0,497,1,497,jin,0,,0.9341077910948163,ok,3,4,497,259,True
BARD1,Pan troglodytes,pt,XM_526019.7,XP_526019.3,exon,2,2,,12822,12879,12822,12879,1,57,jin,0,,,k_greater_than_n_v,3,2,57,17,False
BARD1,Pan troglodytes,pt,XM_526019.7,XP_526019.3,exon,3,3,,17503,17652,17503,17652,1,149,jin,0,,0.9643084447010047,ok,3,3,149,66,False
BARD1,Pan troglodytes,pt,XM_526019.7,XP_526019.3,exon,4,4,,28419,29369,28419,29369,1,950,jin,0,,0.9471593576187072,ok,3,4,950,259,True
BARD1,Pan troglodytes,pt,XM_526019.7,XP_526019.3,exon,5,5,,40645,40726,40645,40726,1,81,jin,0,,0.9582181951913102,ok,3,3,81,66,False
BARD1,Pan troglodytes,pt,XM_526019.7,XP_526019.3,exon,6,6,,42306,42479,42306,42479,1,173,jin,0,,0.9504590781586869,ok,3,3,173,66,False
BARD1,Pan troglodytes,pt,XM_526019.7,XP_526019.3,exon,7,7,,57434,57543,57434,57543,1,109,jin,0,,0.9623293386048535,ok,3,3,109,66,False
BARD1,Pan troglodytes,pt,XM_526019.7,XP_526019.3,exon,8,8,,64110,64243,64110,64243,1,133,jin,0,,0.9643084447010047,ok,3,3,133,66,False
BARD1,Pan troglodytes,pt,XM_526019.7,XP_526019.3,exon,9,9,,64809,64902,64809,64902,1,93,jin,0,,0.9483216255023182,ok,3,3,93,66,False
BARD1,Pan troglodytes,pt,XM_526019.7,XP_526019.3,exon,10,10,,79352,79450,79352,79450,1,98,jin,0,,0.9493034911805744,ok,3,3,98,66,False
BARD1,Pan troglodytes,pt,XM_526019.7,XP_526019.3,exon,11,11,,80852,84218,80852,84218,1,3366,jin,0,,0.9632340342092363,ok,3,5,3366,1028,True
BARD1,Pan troglodytes,pt,XM_526019.7,XP_526019.3,intron,1,1,1-2,497,12822,497,12822,1,12325,jin,0,,0.9693090164055559,ok,3,6,12325,4101,True
BARD1,Pan troglodytes,pt,XM_526019.7,XP_526019.3,intron,2,2,2-3,12879,17503,12879,17503,1,4624,jin,0,,0.961800646040191,ok,3,6,4624,4101,True
BARD1,Pan troglodytes,pt,XM_526019.7,XP_526019.3,intron,3,3,3-4,17652,28419,17652,28419,1,10767,jin,0,,0.9584231530492793,ok,3,6,10767,4101,True
BARD1,Pan troglodytes,pt,XM_526019.7,XP_526019.3,intron,4,4,4-5,29369,40645,29369,40645,1,11276,jin,0,,0.9654436132196312,ok,3,6,11276,4101,True
BARD1,Pan troglodytes,pt,XM_526019.7,XP_526019.3,intron,5,5,5-6,40726,42306,40726,42306,1,1580,jin,0,,0.9528743104649999,ok,3,5,1580,1028,True
BARD1,Pan troglodytes,pt,XM_526019.7,XP_526019.3,intron,6,6,6-7,42479,57434,42479,57434,1,14955,jin,0,,0.9624593944353489,ok,3,6,14955,4101,True
BARD1,Pan troglodytes,pt,XM_526019.7,XP_526019.3,intron,7,7,7-8,57543,64110,57543,64110,1,6567,jin,0,,0.9646727979803903,ok,3,6,6567,4101,True
BARD1,Pan troglodytes,pt,XM_526019.7,XP_526019.3,intron,8,8,8-9,64243,64809,64243,64809,1,566,jin,0,,0.9455212378438386,ok,3,4,566,259,True
BARD1,Pan troglodytes,pt,XM_526019.7,XP_526019.3,intron,9,9,9-10,64902,79352,64902,79352,1,14450,jin,0,,0.9617772154264729,ok,3,6,14450,4101,True
BARD1,Pan troglodytes,pt,XM_526019.7,XP_526019.3,intron,10,10,10-11,79450,80852,79450,80852,1,1402,jin,0,,0.9569436878113895,ok,3,5,1402,1028,True
BARD1,Mus musculus,mm,NM_007525.3,NP_031551.1,exon,1,1,,0,305,169,474,1,305,jin,0,,0.9602407970383474,ok,3,4,305,259,True
BARD1,Mus musculus,mm,NM_007525.3,NP_031551.1,exon,2,2,,13445,13502,13614,13671,1,57,jin,0,,,k_greater_than_n_v,3,2,57,17,False
BARD1,Mus musculus,mm,NM_007525.3,NP_031551.1,exon,3,3,,14721,14864,14890,15033,1,143,jin,0,,0.9565493276683812,ok,3,3,143,66,False
BARD1,Mus musculus,mm,NM_007525.3,NP_031551.1,exon,4,4,,27492,28430,27661,28599,1,938,jin,0,,0.9618878122127906,ok,3,4,938,259,True
BARD1,Mus musculus,mm,NM_007525.3,NP_031551.1,exon,5,5,,35784,35865,35953,36034,1,81,jin,0,,0.9582181951913102,ok,3,3,81,66,False
BARD1,Mus musculus,mm,NM_007525.3,NP_031551.1,exon,6,6,,37321,37494,37490,37663,1,173,jin,0,,0.9483216255023182,ok,3,3,173,66,False
BARD1,Mus musculus,mm,NM_007525.3,NP_031551.1,exon,7,7,,49251,49360,49420,49529,1,109,jin,0,,0.9603001232701249,ok,3,3,109,66,False
BARD1,Mus musculus,mm,NM_007525.3,NP_031551.1,exon,8,8,,55200,55333,55369,55502,1,133,jin,0,,0.9623293386048535,ok,3,3,133,66,False
BARD1,Mus musculus,mm,NM_007525.3,NP_031551.1,exon,9,9,,56202,56295,56371,56464,1,93,jin,0,,0.9623293386048535,ok,3,3,93,66,False
BARD1,Mus musculus,mm,NM_007525.3,NP_031551.1,exon,10,10,,71516,71614,71685,71783,1,98,jin,0,,0.9493034911805744,ok,3,3,98,66,False
BARD1,Mus musculus,mm,NM_007525.3,NP_031551.1,exon,11,11,,72120,75438,72289,75607,1,3318,jin,0,,0.9687585725777085,ok,3,5,3318,1028,True
BARD1,Mus musculus,mm,NM_007525.3,NP_031551.1,intron,1,1,1-2,305,13445,474,13614,1,13140,jin,0,,0.9702372398806324,ok,3,6,13140,4101,True
BARD1,Mus musculus,mm,NM_007525.3,NP_031551.1,intron,2,2,2-3,13502,14721,13671,14890,1,1219,jin,0,,0.958514148020755,ok,3,5,1219,1028,True
BARD1,Mus musculus,mm,NM_007525.3,NP_031551.1,intron,3,3,3-4,14864,27492,15033,27661,1,12628,jin,0,,0.9623164308973956,ok,3,6,12628,4101,True
BARD1,Mus musculus,mm,NM_007525.3,NP_031551.1,intron,4,4,4-5,28430,35784,28599,35953,1,7354,jin,0,,0.9618665256340436,ok,3,6,7354,4101,True
BARD1,Mus musculus,mm,NM_007525.3,NP_031551.1,intron,5,5,5-6,35865,37321,36034,37490,1,1456,jin,0,,0.9641366859749231,ok,3,5,1456,1028,True
BARD1,Mus musculus,mm,NM_007525.3,NP_031551.1,intron,6,6,6-7,37494,49251,37663,49420,1,11757,jin,0,,0.9636781739384025,ok,3,6,11757,4101,True
BARD1,Mus musculus,mm,NM_007525.3,NP_031551.1,intron,7,7,7-8,49360,55200,49529,55369,1,5840,jin,0,,0.9643443543500217,ok,3,6,5840,4101,True
BARD1,Mus musculus,mm,NM_007525.3,NP_031551.1,intron,8,8,8-9,55333,56202,55502,56371,1,869,jin,0,,0.9147346925707728,ok,3,4,869,259,True
BARD1,Mus musculus,mm,NM_007525.3,NP_031551.1,intron,9,9,9-10,56295,71516,56464,71685,1,15221,jin,0,,0.9626963946084004,ok,3,6,15221,4101,True
BARD1,Mus musculus,mm,NM_007525.3,NP_031551.1,intron,10,10,10-11,71614,72120,71783,72289,1,506,jin,0,,0.9610699452649184,ok,3,4,506,259,True
